,title,price,bedrooms,link,area,furnished,log_price,log_bedrooms,link,latitude,longitude,address,rent_period,pets_cat,pets_dog,laundry,parking,no_smoking,air_conditioning
0,"public parks nearby, conference room, dishwasher",1992,,https://washingtondc.craigslist.org/nva/apa/d/alexandria-public-parks-nearby/7821042047.html,missing,missing,7.596894438144544,,https://washingtondc.craigslist.org/nva/apa/d/alexandria-public-parks-nearby/7821042047.html,38.792582,-77.138365,5901 Coverdale Way,monthly,cats are OK - purrr,dogs are OK - wooof,monthly,monthly,missing,air conditioning
1,"vinyl flooring, pet friendly, granite countertops",2126,,https://washingtondc.craigslist.org/nva/apa/d/alexandria-vinyl-flooring-pet-friendly/7823742641.html,missing,missing,7.661997558901893,,https://washingtondc.craigslist.org/nva/apa/d/alexandria-vinyl-flooring-pet-friendly/7823742641.html,38.818213,-77.147651,4905 Southland Ave,monthly,cats are OK - purrr,dogs are OK - wooof,monthly,monthly,no smoking,air conditioning
2,"all-electric kitchen, washer and dryer in home, 1/bd 1/ba",2115,1.0,https://washingtondc.craigslist.org/nva/apa/d/ashburn-all-electric-kitchen-washer-and/7824260893.html,missing,missing,7.656810091480378,0.0,https://washingtondc.craigslist.org/nva/apa/d/ashburn-all-electric-kitchen-washer-and/7824260893.html,39.053857,-77.436805,20300 River Ridge Terrace,monthly,cats are OK - purrr,dogs are OK - wooof,monthly,monthly,missing,air conditioning
3,"studio/1b, stainless steel appliances, located in alexandria",1550,1.0,https://washingtondc.craigslist.org/nva/apa/d/alexandria-studio-1b-stainless-steel/7824931366.html,alexandria,missing,7.346010209913293,0.0,https://washingtondc.craigslist.org/nva/apa/d/alexandria-studio-1b-stainless-steel/7824931366.html,38.7912,-77.0814,6034 Richmond Highway,monthly,cats are OK - purrr,dogs are OK - wooof,monthly,monthly,no smoking,air conditioning
4,"2/bd 1/ba, refrigerator, high-speed internet access",1836,2.0,https://washingtondc.craigslist.org/nva/apa/d/alexandria-bd-ba-refrigerator-high/7820435045.html,missing,missing,7.515344571180436,0.6931471805599453,https://washingtondc.craigslist.org/nva/apa/d/alexandria-bd-ba-refrigerator-high/7820435045.html,38.8149,-77.121,4820 Kenmore Avenue,monthly,cats are OK - purrr,dogs are OK - wooof,monthly,monthly,missing,air conditioning
5,townhouse for rent,3500,,https://washingtondc.craigslist.org/nva/apa/d/sterling-townhouse-for-rent/7825422079.html,missing,missing,8.160518247477505,,https://washingtondc.craigslist.org/nva/apa/d/sterling-townhouse-for-rent/7825422079.html,38.9814,-77.4723,missing,monthly,missing,missing,monthly,monthly,no smoking,air conditioning
6,"onsite dog park, java bar, 1 bd",2458,1.0,https://washingtondc.craigslist.org/nva/apa/d/fairfax-onsite-dog-park-java-bar-bd/7824176326.html,missing,missing,7.80710329012598,0.0,https://washingtondc.craigslist.org/nva/apa/d/fairfax-onsite-dog-park-java-bar-bd/7824176326.html,38.861296,-77.370449,12201 Pender Creek Cir,monthly,cats are OK - purrr,dogs are OK - wooof,monthly,monthly,no smoking,air conditioning
7,"1/bd 1/ba, on-site maintenance, bilingual staff",1699,1.0,https://washingtondc.craigslist.org/nva/apa/d/woodbridge-bd-ba-on-site-maintenance/7820366711.html,missing,missing,7.4377951216719325,0.0,https://washingtondc.craigslist.org/nva/apa/d/woodbridge-bd-ba-on-site-maintenance/7820366711.html,38.651312,-77.276478,13940 Longwood Manor Ct,monthly,cats are OK - purrr,dogs are OK - wooof,monthly,monthly,no smoking,air conditioning
8,"ample parking, in falls church, 3/bd 2/ba",2764,3.0,https://washingtondc.craigslist.org/nva/apa/d/falls-church-ample-parking-in-falls/7821603729.html,missing,missing,7.92443418488756,1.0986122886681098,https://washingtondc.craigslist.org/nva/apa/d/falls-church-ample-parking-in-falls/7821603729.html,38.905322,-77.204957,2042 Peach Orchard Dr.,monthly,missing,missing,monthly,monthly,missing,missing
9,"2bd 2ba, public parks nearby, cable ready",2225,2.0,https://washingtondc.craigslist.org/nva/apa/d/ashburn-2bd-2ba-public-parks-nearby/7824278620.html,missing,missing,7.707512194600341,0.6931471805599453,https://washingtondc.craigslist.org/nva/apa/d/ashburn-2bd-2ba-public-parks-nearby/7824278620.html,39.053857,-77.436805,20300 River Ridge Terrace,monthly,cats are OK - purrr,dogs are OK - wooof,monthly,monthly,missing,air conditioning
10,"right on public transit, for easy commuting! arlington courthouse apar",2100,,https://washingtondc.craigslist.org/nva/apa/d/arlington-right-on-public-transit-for/7820903449.html,arlington,missing,7.649692623711514,,,,,,,,,,,,
11,"dream bigger, live better: move in today!",1579,,https://washingtondc.craigslist.org/nva/apa/d/sterling-dream-bigger-live-better-move/7824874143.html,missing,missing,7.364547014255642,,,,,,,,,,,,
12,"1 bedroom, guest parking, linen closet",2157,1.0,https://washingtondc.craigslist.org/nva/apa/d/alexandria-bedroom-guest-parking-linen/7822669773.html,missing,missing,7.676473646389156,0.0,,,,,,,,,,,
13,"oversized closets, stainless steel appliances, 1b/1b",2380,1.0,https://washingtondc.craigslist.org/nva/apa/d/arlington-oversized-closets-stainless/7824281526.html,missing,missing,7.77485576666552,0.0,,,,,,,,,,,
14,"alexandria va, mini blinds, 1 bd",2255,1.0,https://washingtondc.craigslist.org/nva/apa/d/alexandria-alexandria-va-mini-blinds-bd/7823738404.html,alexandria,missing,7.720905251936779,0.0,,,,,,,,,,,
15,"fireplace, onsite dog park, pet-friendly community",2202,,https://washingtondc.craigslist.org/nva/apa/d/fairfax-fireplace-onsite-dog-park-pet/7823615273.html,missing,missing,7.697121317282625,,,,,,,,,,,,
16,"1/bd 1/ba, online rent pay, in lincolnia va",1726,1.0,https://washingtondc.craigslist.org/nva/apa/d/alexandria-bd-ba-online-rent-pay-in/7823702295.html,missing,missing,7.453561871643373,0.0,,,,,,,,,,,
17,check out our community today for an experience that can't be beat!,2100,,https://washingtondc.craigslist.org/nva/apa/d/arlington-check-out-our-community-today/7820902820.html,missing,missing,7.649692623711514,,,,,,,,,,,,
18,the living is easy at our community! comfortable 2 bed/2 bath!,1470,2.0,https://washingtondc.craigslist.org/nva/apa/d/woodbridge-the-living-is-easy-at-our/7822540940.html,missing,missing,7.293017679772782,0.6931471805599453,,,,,,,,,,,
19,every moment counts: make this place yours!,1579,,https://washingtondc.craigslist.org/nva/apa/d/sterling-every-moment-counts-make-this/7824874186.html,missing,missing,7.364547014255642,,,,,,,,,,,,
20,"pantry, located in ashburn, 1b/1b",1885,1.0,https://washingtondc.craigslist.org/nva/apa/d/ashburn-pantry-located-in-ashburn-1b-1b/7822652775.html,missing,missing,7.541683099882111,0.0,,,,,,,,,,,
21,large private guest suite bedroom - shared housing,870,,https://washingtondc.craigslist.org/nva/apa/d/sterling-large-private-guest-suite/7820471120.html,missing,missing,6.76849321164863,,,,,,,,,,,,
22,beautiful fully furnished apt gated/guarded 24 hr near lk manassas,1650,,https://washingtondc.craigslist.org/nva/apa/d/gainesville-beautiful-fully-furnished/7825405119.html,manassas,furnished,7.408530566894626,,,,,,,,,,,,
23,"1/bd, access to public transportation, cable available",1778,1.0,https://washingtondc.craigslist.org/nva/apa/d/alexandria-bd-access-to-public/7823679995.html,missing,missing,7.48324441607385,0.0,,,,,,,,,,,
24,"walk-in closets, situated in alexandria!, 1/bd 1/ba",1620,1.0,https://washingtondc.craigslist.org/nva/apa/d/alexandria-walk-in-closets-situated-in/7824895774.html,missing,missing,7.3901814282264295,0.0,,,,,,,,,,,
25,"fireplace, wood plank inspired flooring, clubroom",2993,,https://washingtondc.craigslist.org/nva/apa/d/fairfax-fireplace-wood-plank-inspired/7824215396.html,missing,missing,8.0040315078527,,,,,,,,,,,,
26,"1/bd, ceiling fan, newly renovated",1499,1.0,https://washingtondc.craigslist.org/nva/apa/d/woodbridge-bd-ceiling-fan-newly/7820335163.html,missing,missing,7.312553498102598,0.0,,,,,,,,,,,
27,"pet friendly community (large dogs welcome), apartment home amenities:",2260,,https://washingtondc.craigslist.org/nva/apa/d/reston-pet-friendly-community-large/7825394311.html,missing,missing,7.723120092266331,,,,,,,,,,,,
28,"dishwasher, breakfast bar, 2/bd 2/ba",2190,2.0,https://washingtondc.craigslist.org/nva/apa/d/ashburn-dishwasher-breakfast-bar-bd-ba/7817999341.html,missing,missing,7.691656822810547,0.6931471805599453,,,,,,,,,,,
29,lease takeover,1868,,https://washingtondc.craigslist.org/nva/apa/d/arlington-lease-takeover/7825389372.html,missing,missing,7.532623618788788,,,,,,,,,,,,
30,"feb rent free, move in asap, near neabsco park!",2030,,https://washingtondc.craigslist.org/nva/apa/d/woodbridge-feb-rent-free-move-in-asap/7823964045.html,missing,missing,7.615791072035833,,,,,,,,,,,,
31,"2 bedroom, conference room, all-electric kitchen",2597,2.0,https://washingtondc.craigslist.org/nva/apa/d/alexandria-bedroom-conference-room-all/7823697846.html,missing,missing,7.862112211662748,0.6931471805599453,,,,,,,,,,,
32,newly remodel house for rent,1200,,https://washingtondc.craigslist.org/nva/apa/d/manassas-newly-remodel-house-for-rent/7825387274.html,missing,missing,7.090076835776092,,,,,,,,,,,,
33,"gracious 700 square foot apartment in fairfax, virginia.",1850,,https://washingtondc.craigslist.org/nva/apa/d/fairfax-gracious-700-square-foot/7825386963.html,missing,missing,7.52294091807237,,,,,,,,,,,,
34,"clubroom with kitchen, private balcony or patio, 1 bedroom",2392,1.0,https://washingtondc.craigslist.org/nva/apa/d/arlington-clubroom-with-kitchen-private/7824239009.html,missing,missing,7.779885115070522,0.0,,,,,,,,,,,
35,large private guest suite bedroom - shared housing,870,,https://washingtondc.craigslist.org/nva/apa/d/sterling-large-private-guest-suite/7820470118.html,missing,missing,6.76849321164863,,,,,,,,,,,,
36,"2bd 1ba, rooftop sundeck & lounge, fully equipped kitchens",2025,2.0,https://washingtondc.craigslist.org/nva/apa/d/alexandria-2bd-1ba-rooftop-sundeck/7824870567.html,missing,missing,7.613324979540639,0.6931471805599453,,,,,,,,,,,
37,"located in fairfax, community playground, 3/bd 2/ba",2851,3.0,https://washingtondc.craigslist.org/nva/apa/d/fairfax-located-in-fairfax-community/7824260212.html,missing,missing,7.955425088912672,1.0986122886681098,,,,,,,,,,,
38,"vinyl flooring, granite countertops, ample parking",2071,,https://washingtondc.craigslist.org/nva/apa/d/alexandria-vinyl-flooring-granite/7822552151.html,missing,missing,7.635786861395585,,,,,,,,,,,,
39,"dishwasher, business center, quartz countertops",2255,,https://washingtondc.craigslist.org/nva/apa/d/alexandria-dishwasher-business-center/7822030075.html,missing,missing,7.720905251936779,,,,,,,,,,,,
40,"1 bed, shimmering swimming pool, den or study",1880,1.0,https://washingtondc.craigslist.org/nva/apa/d/ashburn-bed-shimmering-swimming-pool/7822610737.html,missing,missing,7.539027055823995,0.0,,,,,,,,,,,
41,express your individuality at peachtree of mclean! apply today!,1854,,https://washingtondc.craigslist.org/nva/apa/d/falls-church-express-your-individuality/7817474454.html,missing,missing,7.5251007461258,,,,,,,,,,,,
42,"open floor plans, walk-in closets",1725,,https://washingtondc.craigslist.org/nva/apa/d/alexandria-open-floor-plans-walk-in/7824853976.html,missing,missing,7.45298232946546,,,,,,,,,,,,
43,1- & 2-bedroom beautiful apartment homes accepting section 8 for adult,1665,,https://washingtondc.craigslist.org/nva/apa/d/woodbridge-bedroom-beautiful-apartment/7825367322.html,missing,missing,7.417580402414544,,,,,,,,,,,,
44,"your dream 2 bed, 2 bath is closer than you think! call now!",1470,2.0,https://washingtondc.craigslist.org/nva/apa/d/woodbridge-your-dream-bed-bath-is/7823672302.html,missing,missing,7.293017679772782,0.6931471805599453,,,,,,,,,,,
45,"1/bd 1/ba, easy access to freeways, shimmering swimming pool",1835,1.0,https://washingtondc.craigslist.org/nva/apa/d/alexandria-bd-ba-easy-access-to/7824829780.html,missing,missing,7.51479976048867,0.0,,,,,,,,,,,
46,"we’ve found your next apartment, and it’s amazing!",2195,,https://washingtondc.craigslist.org/nva/apa/d/arlington-weve-found-your-next/7825368314.html,missing,missing,7.693937325509272,,,,,,,,,,,,
47,see what our residents are raving about!,1800,,https://washingtondc.craigslist.org/nva/apa/d/arlington-see-what-our-residents-are/7820903185.html,missing,missing,7.495541943884256,,,,,,,,,,,,
48,"pet-friendly community, dramatic loft home options, 1bd 1ba",2196,1.0,https://washingtondc.craigslist.org/nva/apa/d/fairfax-pet-friendly-community-dramatic/7823701000.html,missing,missing,7.694392802629421,0.0,,,,,,,,,,,
49,"in woodbridge, 1bd 1ba, off street parking",1699,1.0,https://washingtondc.craigslist.org/nva/apa/d/woodbridge-in-woodbridge-1bd-1ba-off/7824260932.html,missing,missing,7.4377951216719325,0.0,,,,,,,,,,,
50,"right around the corner, near everywhere you want to be",1848,,https://washingtondc.craigslist.org/nva/apa/d/falls-church-right-around-the-corner/7823694815.html,missing,missing,7.521859252201629,,,,,,,,,,,,
51,"1/bd, balcony or patio, park-like setting on 25.6 acres",1885,1.0,https://washingtondc.craigslist.org/nva/apa/d/ashburn-bd-balcony-or-patio-park-like/7823657020.html,missing,missing,7.541683099882111,0.0,,,,,,,,,,,
52,"2bd 2ba, package acceptance, public parks nearby",2669,2.0,https://washingtondc.craigslist.org/nva/apa/d/alexandria-2bd-2ba-package-acceptance/7824828402.html,missing,missing,7.889459149404524,0.6931471805599453,,,,,,,,,,,
53,"hardwood flooring, stainless steel appliances, in-unit washer & dryer",2319,,https://washingtondc.craigslist.org/nva/apa/d/arlington-hardwood-flooring-stainless/7824829036.html,missing,missing,7.7488913372555315,,,,,,,,,,,,
54,no need to head to the park! we have our own community playground!,2219,,https://washingtondc.craigslist.org/nva/apa/d/sterling-no-need-to-head-to-the-park-we/7822559192.html,missing,missing,7.704811922932594,,,,,,,,,,,,
55,townhouse 3 level 3 bed 1.5 bathroom for rent,2400,3.0,https://washingtondc.craigslist.org/nva/apa/d/woodbridge-townhouse-level-bed-15/7818536842.html,missing,missing,7.783224016336037,1.0986122886681098,,,,,,,,,,,
56,"2/bd 1/ba, newly renovated kitchens & baths, open floor plans",2025,2.0,https://washingtondc.craigslist.org/nva/apa/d/alexandria-bd-ba-newly-renovated/7824829546.html,missing,missing,7.613324979540639,0.6931471805599453,,,,,,,,,,,
57,"gracious 700 square foot apartment in fairfax, virginia.",1850,,https://washingtondc.craigslist.org/nva/apa/d/fairfax-gracious-700-square-foot/7825350621.html,missing,missing,7.52294091807237,,,,,,,,,,,,
58,"wood plank inspired flooring, java bar, 1bd 1ba",2293,1.0,https://washingtondc.craigslist.org/nva/apa/d/fairfax-wood-plank-inspired-flooring/7824828779.html,missing,missing,7.737616282857904,0.0,,,,,,,,,,,
59,"vinyl flooring, carpet, online rent pay",2662,,https://washingtondc.craigslist.org/nva/apa/d/alexandria-vinyl-flooring-carpet-online/7824218879.html,missing,missing,7.8868329989550565,,,,,,,,,,,,
60,very nice and clean one bedroom basement apartment rent,1400,,https://washingtondc.craigslist.org/nva/apa/d/sterling-very-nice-and-clean-one/7825344978.html,missing,missing,7.24422751560335,,,,,,,,,,,,
61,"studio, newly renovated kitchens & baths, open floor plans",1410,,https://washingtondc.craigslist.org/nva/apa/d/alexandria-studio-newly-renovated/7824810333.html,missing,missing,7.251344983372214,,,,,,,,,,,,
62,"car wash area, 1 bed, situated in alexandria!",2132,1.0,https://washingtondc.craigslist.org/nva/apa/d/alexandria-car-wash-area-bed-situated/7822811057.html,missing,missing,7.664815785285735,0.0,,,,,,,,,,,
63,"charming 3 bed, 2 bath home in manassas | available 02/10 | $3400/mo",3400,3.0,https://washingtondc.craigslist.org/nva/apa/d/manassas-charming-bed-bath-home-in/7825342402.html,manassas,missing,8.131530710604252,1.0986122886681098,,,,,,,,,,,
64,"linen closets, refrigerator, dishwasher",1920,,https://washingtondc.craigslist.org/nva/apa/d/ashburn-linen-closets-refrigerator/7824191673.html,missing,missing,7.560080465021827,,,,,,,,,,,,
65,we have found your new home and it is in a great neighborhood!,4845,,https://washingtondc.craigslist.org/nva/apa/d/arlington-we-have-found-your-new-home/7825340735.html,missing,missing,8.485702524324866,,,,,,,,,,,,
66,check out our community today for an experience that can't be beat!,1795,,https://washingtondc.craigslist.org/nva/apa/d/woodbridge-check-out-our-community/7823102816.html,missing,missing,7.492760300922379,,,,,,,,,,,,
67,$1350 fully separated basement apartment/ manassas park,1350,,https://washingtondc.craigslist.org/nva/apa/d/manassas-1350-fully-separated-basement/7825327274.html,manassas,missing,7.2078598714324755,,,,,,,,,,,,
68,luxery alexandria 2br apartment,2613,2.0,https://washingtondc.craigslist.org/nva/apa/d/alexandria-luxery-alexandria-2br/7825338196.html,alexandria,missing,7.868254265520613,0.6931471805599453,,,,,,,,,,,
69,"walk-in closets, balcony or patio, refrigerator",1759,,https://washingtondc.craigslist.org/nva/apa/d/alexandria-walk-in-closets-balcony-or/7821813079.html,missing,missing,7.472500744737558,,,,,,,,,,,,
70,walking distance to whole foods market and starbucks,2374,,https://washingtondc.craigslist.org/nva/apa/d/reston-walking-distance-to-whole-foods/7825334168.html,missing,missing,7.772331575169614,,,,,,,,,,,,
71,"2/bd 2/ba, in fairfax, clubroom",2849,2.0,https://washingtondc.craigslist.org/nva/apa/d/fairfax-bd-ba-in-fairfax-clubroom/7823656386.html,missing,missing,7.954723334497908,0.6931471805599453,,,,,,,,,,,
72,beautiful 3 bed 3 1/2 bath townhome in great centerville location!,1700,3.0,https://washingtondc.craigslist.org/nva/apa/d/centreville-beautiful-bed-bath-townhome/7825329891.html,centerville,missing,7.438383530044307,1.0986122886681098,,,,,,,,,,,
73,beautiful 3 bed 3 1/2 bath townhome in great centerville location!,1700,3.0,https://washingtondc.craigslist.org/nva/apa/d/centreville-beautiful-bed-bath-townhome/7825328738.html,centerville,missing,7.438383530044307,1.0986122886681098,,,,,,,,,,,
74,"vertical blinds, refrigerator, public parks nearby",1805,,https://washingtondc.craigslist.org/nva/apa/d/ashburn-vertical-blinds-refrigerator/7823615646.html,missing,missing,7.498315870766981,,,,,,,,,,,,
75,fantastic location! a spacious 685 sq ft 1 bed is waiting for you!,2355,1.0,https://washingtondc.craigslist.org/nva/apa/d/arlington-fantastic-location-spacious/7825324004.html,missing,missing,7.764296006450518,0.0,,,,,,,,,,,
76,live in style with upgraded interiors - #liveabberlyavera,2183,,https://washingtondc.craigslist.org/nva/apa/d/manassas-live-in-style-with-upgraded/7825327495.html,missing,missing,7.688455356549944,,,,,,,,,,,,
77,amazing studio at mason hall - close to transportation!,1965,,https://washingtondc.craigslist.org/nva/apa/d/alexandria-amazing-studio-at-mason-hall/7824197260.html,missing,missing,7.583247524303362,,,,,,,,,,,,
78,this 1 bed/1 bath features great amenities in a fantastic community!,1930,1.0,https://washingtondc.craigslist.org/nva/apa/d/alexandria-this-bed-bath-features-great/7824193923.html,missing,missing,7.5652752818989315,0.0,,,,,,,,,,,
79,"woodbridge va, 1/bd, off street parking",1699,1.0,https://washingtondc.craigslist.org/nva/apa/d/woodbridge-woodbridge-va-bd-off-street/7824191534.html,woodbridge,missing,7.4377951216719325,0.0,,,,,,,,,,,
80,"a sparkling resort-style pool, 1bd 1ba, falls church va",1878,1.0,https://washingtondc.craigslist.org/nva/apa/d/falls-church-sparkling-resort-style/7819712405.html,missing,missing,7.537962659768208,0.0,,,,,,,,,,,
81,large private guest suite bedroom - shared housing,870,,https://washingtondc.craigslist.org/nva/apa/d/sterling-large-private-guest-suite/7820222839.html,missing,missing,6.76849321164863,,,,,,,,,,,,
82,"clubroom with kitchen, hardwood flooring, concierge",2319,,https://washingtondc.craigslist.org/nva/apa/d/arlington-clubroom-with-kitchen/7824782006.html,missing,missing,7.7488913372555315,,,,,,,,,,,,
83,"conference room, online rent payments, soothing spa",2255,,https://washingtondc.craigslist.org/nva/apa/d/alexandria-conference-room-online-rent/7822549141.html,missing,missing,7.720905251936779,,,,,,,,,,,,
84,"2bd 1.5ba, wood plank inspired flooring, community playground",2478,2.0,https://washingtondc.craigslist.org/nva/apa/d/fairfax-2bd-15ba-wood-plank-inspired/7824781916.html,missing,missing,7.815207062189088,0.6931471805599453,,,,,,,,,,,
85,apartment basement 1400 sqft,1300,,https://washingtondc.craigslist.org/nva/apa/d/dumfries-apartment-basement-1400-sqft/7825308148.html,missing,missing,7.170119543449628,,,,,,,,,,,,
86,"dog park, walk-in closets, playground",2125,,https://washingtondc.craigslist.org/nva/apa/d/alexandria-dog-park-walk-in-closets/7825313556.html,missing,missing,7.661527081358517,,,,,,,,,,,,
87,"ceramic tile flooring, ample parking, 2 bedroom",2184,2.0,https://washingtondc.craigslist.org/nva/apa/d/alexandria-ceramic-tile-flooring-ample/7824178497.html,missing,missing,7.688913336864796,0.6931471805599453,,,,,,,,,,,
88,spacious 2 bed apartment - 2 month free & reduced rent @ tgm ridge,2099,2.0,https://washingtondc.craigslist.org/nva/apa/d/manassas-spacious-bed-apartment-month/7825311632.html,missing,missing,7.649216319820633,0.6931471805599453,,,,,,,,,,,
89,reduced rent at tgm ridge – select floorplans!,1999,,https://washingtondc.craigslist.org/nva/apa/d/manassas-reduced-rent-at-tgm-ridge/7825311538.html,missing,missing,7.6004023345004,,,,,,,,,,,,
90,simply the best value in tysons!,1329,,https://washingtondc.craigslist.org/nva/apa/d/mc-lean-simply-the-best-value-in-tysons/7823432460.html,missing,missing,7.192182058713246,,,,,,,,,,,,
91,welcoming lobby and wall to wall carpet,1806,,https://washingtondc.craigslist.org/nva/apa/d/falls-church-welcoming-lobby-and-wall/7821601437.html,missing,missing,7.498869733976931,,,,,,,,,,,,
92,"3 bedroom, 3 bathroom convenient location 2 level town home",2450,3.0,https://washingtondc.craigslist.org/nva/apa/d/reston-bedroom-bathroom-convenient/7825310477.html,missing,missing,7.803843303538772,1.0986122886681098,,,,,,,,,,,
93,$300 off 1st month's rent! 1bedroom with great amenities!!,2010,1.0,https://washingtondc.craigslist.org/nva/apa/d/mc-lean-300-off-1st-months-rent/7818832169.html,missing,missing,7.605890001053122,0.0,,,,,,,,,,,
94,$300 off 1st month's rent! 2br/2ba only $2620/mo! best value in tysons,2620,2.0,https://washingtondc.craigslist.org/nva/apa/d/mc-lean-300-off-1st-months-rent-2br-2ba/7824767612.html,tysons,missing,7.8709295967551425,0.6931471805599453,,,,,,,,,,,
95,now leasing new apartment homes,2931,,https://washingtondc.craigslist.org/nva/apa/d/manassas-now-leasing-new-apartment-homes/7825307663.html,missing,missing,7.983098940710892,,,,,,,,,,,,
96,"private apt, furnished, ground level, in fairfax for rent",1200,,https://washingtondc.craigslist.org/nva/apa/d/fairfax-private-apt-furnished-ground/7825307609.html,fairfax,missing,7.090076835776092,,,,,,,,,,,,
97,"private apt, furnished, in fairfax for rent",1200,,https://washingtondc.craigslist.org/nva/apa/d/fairfax-private-apt-furnished-in/7825307278.html,fairfax,missing,7.090076835776092,,,,,,,,,,,,
98,condo with unbeatable metro access,1300,,https://washingtondc.craigslist.org/nva/apa/d/arlington-condo-with-unbeatable-metro/7817919291.html,missing,missing,7.170119543449628,,,,,,,,,,,,
99,tailored for pet lovers! 1 bed/1 bath in our pet-friendly community.,1634,1.0,https://washingtondc.craigslist.org/nva/apa/d/woodbridge-tailored-for-pet-lovers-bed/7823102845.html,missing,missing,7.3987862754199485,0.0,,,,,,,,,,,
100,"enough living space for all your needs. 2 bed, 2 bath. check us out!",1470,2.0,https://washingtondc.craigslist.org/nva/apa/d/woodbridge-enough-living-space-for-all/7824181767.html,missing,missing,7.293017679772782,0.6931471805599453,,,,,,,,,,,
101,"enjoy spectacular views from your beautiful 885 sq ft, 2 br, 1.5 ba",1925,2.0,https://washingtondc.craigslist.org/nva/apa/d/woodbridge-enjoy-spectacular-views-from/7825301216.html,missing,missing,7.562681246721884,0.6931471805599453,,,,,,,,,,,
102,"$2,200 / 2br --,1100ft- 2 bath condo (reston)",2200,2.0,https://washingtondc.craigslist.org/nva/apa/d/reston-br-ft-bath-condo-reston/7825304922.html,missing,missing,7.696212639346407,0.6931471805599453,,,,,,,,,,,
103,charming 1 bedroom condo in prime falls church location water included,2100,1.0,https://washingtondc.craigslist.org/nva/apa/d/falls-church-charming-bedroom-condo-in/7825290750.html,missing,missing,7.649692623711514,0.0,,,,,,,,,,,
104,basement for rent,1700,,https://washingtondc.craigslist.org/nva/apa/d/woodbridge-basement-for-rent/7825304567.html,missing,missing,7.438383530044307,,,,,,,,,,,,
105,"1/bd 1/ba, reserved parking, situated in alexandria!",2018,1.0,https://washingtondc.craigslist.org/nva/apa/d/alexandria-bd-ba-reserved-parking/7824160890.html,missing,missing,7.609862200913554,0.0,,,,,,,,,,,
106,"in alexandria, dishwasher, 2 bed",1947,2.0,https://washingtondc.craigslist.org/nva/apa/d/alexandria-in-alexandria-dishwasher-bed/7824161361.html,missing,missing,7.5740450053721995,0.6931471805599453,,,,,,,,,,,
107,"washer and dryer in home, playground, pantry",2115,,https://washingtondc.craigslist.org/nva/apa/d/ashburn-washer-and-dryer-in-home/7822534806.html,missing,missing,7.656810091480378,,,,,,,,,,,,
108,location matters! discover 3 bed/2 bath in woodbridge's core.,1999,3.0,https://washingtondc.craigslist.org/nva/apa/d/woodbridge-location-matters-discover/7825301241.html,missing,missing,7.6004023345004,1.0986122886681098,,,,,,,,,,,
109,"a deal this good doesn't come around every day. 2 bed, 1.5 bath!",1675,2.0,https://washingtondc.craigslist.org/nva/apa/d/woodbridge-deal-this-good-doesnt-come/7825301182.html,missing,missing,7.423568444259167,0.6931471805599453,,,,,,,,,,,
110,"gorgeous light filled 700 sq ft, 1 bed, 1 bath with beautiful view!",1629,1.0,https://washingtondc.craigslist.org/nva/apa/d/woodbridge-gorgeous-light-filled-700-sq/7825301160.html,missing,missing,7.395721608602045,0.0,,,,,,,,,,,
111,master suite in herndon townhome (10 min to iad),1350,,https://washingtondc.craigslist.org/nva/apa/d/herndon-master-suite-in-herndon/7825301017.html,herndon,missing,7.2078598714324755,,,,,,,,,,,,
112,1 room w bath in herndon townhome (10 min to iad),1050,,https://washingtondc.craigslist.org/nva/apa/d/herndon-room-bath-in-herndon-townhome/7825300998.html,herndon,missing,6.956545443151569,,,,,,,,,,,,
113,"bring your ""furry family!"" we're animal friendly!",2231,,https://washingtondc.craigslist.org/nva/apa/d/manassas-bring-your-furry-family-were/7825299412.html,missing,missing,7.7102051944325325,,,,,,,,,,,,
114,"two bedrooom, one bath condo - n. arlington (colonial village)",2350,,https://washingtondc.craigslist.org/nva/apa/d/arlington-two-bedrooom-one-bath-condo/7822815793.html,arlington,missing,7.762170607138205,,,,,,,,,,,,
115,"pet-friendly community, fitness studio, fireplace",2144,,https://washingtondc.craigslist.org/nva/apa/d/fairfax-pet-friendly-community-fitness/7824743208.html,missing,missing,7.670428522190693,,,,,,,,,,,,
116,"1bd 1ba, bilingual staff, woodbridge va",1699,1.0,https://washingtondc.craigslist.org/nva/apa/d/woodbridge-1bd-1ba-bilingual-staff/7824158906.html,woodbridge,missing,7.4377951216719325,0.0,,,,,,,,,,,
117,"just minutes from dc, rosslyn",1300,,https://washingtondc.craigslist.org/nva/apa/d/washington-just-minutes-from-dc-rosslyn/7817391603.html,missing,missing,7.170119543449628,,,,,,,,,,,,
118,"beautiful landscaping, balcony or patio, cable ready",1970,,https://washingtondc.craigslist.org/nva/apa/d/ashburn-beautiful-landscaping-balcony/7824743178.html,missing,missing,7.585788821732034,,,,,,,,,,,,
119,"2 floor gym, ground floor, waived pro-rated move-in rent until 02.28!",2803,,https://washingtondc.craigslist.org/nva/apa/d/woodbridge-floor-gym-ground-floor/7819398990.html,missing,missing,7.938445551164788,,,,,,,,,,,,
120,"cable ready, refrigerator, dishwasher",2254,,https://washingtondc.craigslist.org/nva/apa/d/alexandria-cable-ready-refrigerator/7824728842.html,missing,missing,7.720461694599722,,,,,,,,,,,,
121,"1/bd, arlington va, private balcony or patio",2278,1.0,https://washingtondc.craigslist.org/nva/apa/d/arlington-bd-arlington-va-private/7824743098.html,arlington,missing,7.731053144007127,0.0,,,,,,,,,,,
122,"high speed internet access, playground",2025,,https://washingtondc.craigslist.org/nva/apa/d/alexandria-high-speed-internet-access/7825285982.html,missing,missing,7.613324979540639,,,,,,,,,,,,
123,"gracious 700 square foot apartment in fairfax, virginia.",1850,,https://washingtondc.craigslist.org/nva/apa/d/fairfax-gracious-700-square-foot/7825285984.html,missing,missing,7.52294091807237,,,,,,,,,,,,
124,two bedroom with two bath,2300,,https://washingtondc.craigslist.org/nva/apa/d/woodbridge-two-bedroom-with-two-bath/7824737706.html,missing,missing,7.7406644019172415,,,,,,,,,,,,
125,"linen closet, spacious walk-in closet, 2bd 1.5ba",2598,2.0,https://washingtondc.craigslist.org/nva/apa/d/alexandria-linen-closet-spacious-walk/7824729213.html,missing,missing,7.862497197230545,0.6931471805599453,,,,,,,,,,,
126,"chroma, 4,000 square foot fitness facility amazon locker system",2962,,https://washingtondc.craigslist.org/nva/apa/d/reston-chroma-4000-square-foot-fitness/7825279453.html,missing,missing,7.993619994827744,,,,,,,,,,,,
127,"your dream 2 bed, 2 bath is closer than you think! call now!",1470,2.0,https://washingtondc.craigslist.org/nva/apa/d/woodbridge-your-dream-bed-bath-is/7824724644.html,missing,missing,7.293017679772782,0.6931471805599453,,,,,,,,,,,
128,"public parks nearby, pantry, easy access to shopping",2080,,https://washingtondc.craigslist.org/nva/apa/d/ashburn-public-parks-nearby-pantry-easy/7824727241.html,missing,missing,7.640123172695364,,,,,,,,,,,,
129,"washer and dryer in home, breakfast bar, linen closet",2250,,https://washingtondc.craigslist.org/nva/apa/d/alexandria-washer-and-dryer-in-home/7823599204.html,missing,missing,7.718685495198466,,,,,,,,,,,,
130,"vertical blinds, in alexandria, 2/bd",2560,2.0,https://washingtondc.craigslist.org/nva/apa/d/alexandria-vertical-blinds-in/7817974996.html,missing,missing,7.847762537473608,0.6931471805599453,,,,,,,,,,,
131,"in alexandria va, dog park, 1 bd",1500,1.0,https://washingtondc.craigslist.org/nva/apa/d/alexandria-in-alexandria-va-dog-park-bd/7825276521.html,alexandria,missing,7.313220387090301,0.0,,,,,,,,,,,
132,pet-friendly home in great arlington neighborhood,3600,,https://washingtondc.craigslist.org/nva/apa/d/arlington-pet-friendly-home-in-great/7825272275.html,arlington,missing,8.1886891244442,,,,,,,,,,,,
133,"$1,499 / 1br - 1000ft2 - 1 br.,den-1000sq.ft. very nice 1 br",1499,1.0,https://washingtondc.craigslist.org/nva/apa/d/fairfax-br-ft2-brden-1000sqft-very-nice/7822049786.html,missing,missing,7.312553498102598,0.0,,,,,,,,,,,
134,pet-friendly home in great arlington neighborhood,3600,,https://washingtondc.craigslist.org/nva/apa/d/arlington-pet-friendly-home-in-great/7824534726.html,arlington,missing,8.1886891244442,,,,,,,,,,,,
135,"located in woodbridge, on-site management, 1bd 1ba",1699,1.0,https://washingtondc.craigslist.org/nva/apa/d/woodbridge-located-in-woodbridge-on/7824002323.html,missing,missing,7.4377951216719325,0.0,,,,,,,,,,,
136,"in ashburn va, central air and heating, 1/bd 1/ba",1995,1.0,https://washingtondc.craigslist.org/nva/apa/d/ashburn-in-ashburn-va-central-air-and/7818017833.html,ashburn,missing,7.598399329323964,0.0,,,,,,,,,,,
137,room in a house near tysons,700,,https://washingtondc.craigslist.org/nva/apa/d/falls-church-room-in-house-near-tysons/7825269767.html,tysons,missing,6.551080335043404,,,,,,,,,,,,
138,"1/bd, refrigerator, cable ready",2255,1.0,https://washingtondc.craigslist.org/nva/apa/d/alexandria-bd-refrigerator-cable-ready/7824194569.html,missing,missing,7.720905251936779,0.0,,,,,,,,,,,
139,"in-unit washer/dryer, in lincolnia, 2 bd",2071,2.0,https://washingtondc.craigslist.org/nva/apa/d/alexandria-in-unit-washer-dryer-in/7824160241.html,missing,missing,7.635786861395585,0.6931471805599453,,,,,,,,,,,
140,"2/bd 2/ba, state-of-the-art fitness center, refrigerator",2235,2.0,https://washingtondc.craigslist.org/nva/apa/d/ashburn-bd-ba-state-of-the-art-fitness/7822827070.html,missing,missing,7.711996507047669,0.6931471805599453,,,,,,,,,,,
141,"alexandria va, 1b/1b, balcony or patio",2255,1.0,https://washingtondc.craigslist.org/nva/apa/d/alexandria-alexandria-va-1b-1b-balcony/7824444605.html,alexandria,missing,7.720905251936779,0.0,,,,,,,,,,,
142,"convenient, comfortable senior 2 bed, 2 bath in woodbridge",1470,2.0,https://washingtondc.craigslist.org/nva/apa/d/woodbridge-convenient-comfortable/7821668821.html,woodbridge,missing,7.293017679772782,0.6931471805599453,,,,,,,,,,,
143,"open floor plans, storage units available, 3 bedroom",2510,3.0,https://washingtondc.craigslist.org/nva/apa/d/alexandria-open-floor-plans-storage/7825262857.html,missing,missing,7.828038032125829,1.0986122886681098,,,,,,,,,,,
144,beautiful 1 bed / 1 bath in a great neighborhood! ready to view now!,1634,1.0,https://washingtondc.craigslist.org/nva/apa/d/woodbridge-beautiful-bed-bath-in-great/7824010686.html,missing,missing,7.3987862754199485,0.0,,,,,,,,,,,
145,"3 bed, reserved parking available, in alexandria va",2321,3.0,https://washingtondc.craigslist.org/nva/apa/d/alexandria-bed-reserved-parking/7819143072.html,alexandria,missing,7.749753406274437,1.0986122886681098,,,,,,,,,,,
146,"woodbridge va, 1/bd 1/ba, on-site maintenance",1699,1.0,https://washingtondc.craigslist.org/nva/apa/d/woodbridge-woodbridge-va-bd-ba-on-site/7821716656.html,woodbridge,missing,7.4377951216719325,0.0,,,,,,,,,,,
147,"vinyl plank flooring, 1/bd, ashburn va",1880,1.0,https://washingtondc.craigslist.org/nva/apa/d/ashburn-vinyl-plank-flooring-bd-ashburn/7820899048.html,ashburn,missing,7.539027055823995,0.0,,,,,,,,,,,
148,"fully equipped kitchens, storage units available, 2bd 1.5ba",2225,2.0,https://washingtondc.craigslist.org/nva/apa/d/alexandria-fully-equipped-kitchens/7825259729.html,missing,missing,7.707512194600341,0.6931471805599453,,,,,,,,,,,
149,"balcony or patio, reserved parking, 1/bd",2190,1.0,https://washingtondc.craigslist.org/nva/apa/d/alexandria-balcony-or-patio-reserved/7819125556.html,missing,missing,7.691656822810547,0.0,,,,,,,,,,,
150,"unbeatable location! 1 bed, 1 bath - ready for move-in!",1629,1.0,https://washingtondc.craigslist.org/nva/apa/d/woodbridge-unbeatable-location-bed-bath/7824010729.html,missing,missing,7.395721608602045,0.0,,,,,,,,,,,
151,"2 floor gym, stunning pool, no feb rent!",2695,,https://washingtondc.craigslist.org/nva/apa/d/woodbridge-floor-gym-stunning-pool-no/7823982148.html,missing,missing,7.899153483343097,,,,,,,,,,,,
152,"2 bedroom, situated in lincolnia!, grill and picnic area",2159,2.0,https://washingtondc.craigslist.org/nva/apa/d/alexandria-bedroom-situated-in/7824194086.html,missing,missing,7.677400430514807,0.6931471805599453,,,,,,,,,,,
153,"2bd 2ba, in alexandria va, cable ready",2597,2.0,https://washingtondc.craigslist.org/nva/apa/d/alexandria-2bd-2ba-in-alexandria-va/7820719863.html,alexandria,missing,7.862112211662748,0.6931471805599453,,,,,,,,,,,
154,"location, community, quality living. it starts here!",1854,,https://washingtondc.craigslist.org/nva/apa/d/falls-church-location-community-quality/7817489704.html,missing,missing,7.5251007461258,,,,,,,,,,,,
155,"balcony or patio, washer and dryer in home, 2/bd",2185,2.0,https://washingtondc.craigslist.org/nva/apa/d/ashburn-balcony-or-patio-washer-and/7823962022.html,missing,missing,7.68937110752969,0.6931471805599453,,,,,,,,,,,
156,"on-call maintenance, linen closet, dishwasher",1943,,https://washingtondc.craigslist.org/nva/apa/d/alexandria-on-call-maintenance-linen/7823883588.html,missing,missing,7.57198844937744,,,,,,,,,,,,
157,welcoming lobby and wall to wall carpet,1791,,https://washingtondc.craigslist.org/nva/apa/d/falls-church-welcoming-lobby-and-wall/7819708560.html,missing,missing,7.490529402060711,,,,,,,,,,,,
158,"on-site management, washer/dryer, 1/bd",1699,1.0,https://washingtondc.craigslist.org/nva/apa/d/woodbridge-on-site-management-washer/7824024183.html,missing,missing,7.4377951216719325,0.0,,,,,,,,,,,
159,"playground, beautiful landscaping, microwave",1970,,https://washingtondc.craigslist.org/nva/apa/d/ashburn-playground-beautiful/7822937157.html,missing,missing,7.585788821732034,,,,,,,,,,,,
160,"1/bd 1/ba, cable ready, cable available",2191,1.0,https://washingtondc.craigslist.org/nva/apa/d/alexandria-bd-ba-cable-ready-cable/7818233399.html,missing,missing,7.692113339595466,0.0,,,,,,,,,,,
161,unveiling a haven of style: your perfect 2 br awaits.,1795,2.0,https://washingtondc.craigslist.org/nva/apa/d/woodbridge-unveiling-haven-of-style/7824010773.html,missing,missing,7.492760300922379,0.6931471805599453,,,,,,,,,,,
162,"ready now, no rent in february, call today!",2117,,https://washingtondc.craigslist.org/nva/apa/d/woodbridge-ready-now-no-rent-in/7822938630.html,missing,missing,7.6577552711348655,,,,,,,,,,,,
163,"carpet, linen closet, in-unit washer/dryer",2170,,https://washingtondc.craigslist.org/nva/apa/d/alexandria-carpet-linen-closet-in-unit/7821682357.html,missing,missing,7.682482446534506,,,,,,,,,,,,
164,"look no further! we have it all - and more! 2 bed, 2 bath, 754 sqft",1470,2.0,https://washingtondc.craigslist.org/nva/apa/d/woodbridge-look-no-further-we-have-it/7821996245.html,missing,missing,7.293017679772782,0.6931471805599453,,,,,,,,,,,
165,"walk-in closets, conference room, cable available",2075,,https://washingtondc.craigslist.org/nva/apa/d/alexandria-walk-in-closets-conference/7820093729.html,missing,missing,7.637716432664798,,,,,,,,,,,,
166,"central air and heating, pantry, dishwasher",2045,,https://washingtondc.craigslist.org/nva/apa/d/ashburn-central-air-and-heating-pantry/7821719154.html,missing,missing,7.623153068476902,,,,,,,,,,,,
167,"shimmering swimming pool, breakfast bar, dishwasher",1940,,https://washingtondc.craigslist.org/nva/apa/d/alexandria-shimmering-swimming-pool/7823900779.html,missing,missing,7.570443252057374,,,,,,,,,,,,
168,"online payments, 1bd 1ba, woodbridge va",1699,1.0,https://washingtondc.craigslist.org/nva/apa/d/woodbridge-online-payments-1bd-1ba/7822956062.html,woodbridge,missing,7.4377951216719325,0.0,,,,,,,,,,,
169,"microwave, 2bd 2ba, situated in ashburn!",2240,2.0,https://washingtondc.craigslist.org/nva/apa/d/ashburn-microwave-2bd-2ba-situated-in/7820434156.html,missing,missing,7.7142311448490855,0.6931471805599453,,,,,,,,,,,
170,beautiful 1 bed / 1 bath in a great neighborhood! ready to view now!,1634,1.0,https://washingtondc.craigslist.org/nva/apa/d/woodbridge-beautiful-bed-bath-in-great/7822944577.html,missing,missing,7.3987862754199485,0.0,,,,,,,,,,,
171,this 1 bed/1 bath features great amenities in a fantastic community!,1825,1.0,https://washingtondc.craigslist.org/nva/apa/d/alexandria-this-bed-bath-features-great/7822389253.html,missing,missing,7.509335266016592,0.0,,,,,,,,,,,
172,"great alexandria location, perfect studio 413 sq ft apartment",1905,,https://washingtondc.craigslist.org/nva/apa/d/alexandria-great-alexandria-location/7822552955.html,alexandria,missing,7.552237287560802,,,,,,,,,,,,
173,"1/bd, coat closet, vinyl plank flooring",2172,1.0,https://washingtondc.craigslist.org/nva/apa/d/alexandria-bd-coat-closet-vinyl-plank/7822376845.html,missing,missing,7.683403681053826,0.0,,,,,,,,,,,
174,"2bd 1ba, located in lincolnia, energy-star windows",2161,2.0,https://washingtondc.craigslist.org/nva/apa/d/alexandria-2bd-1ba-located-in-lincolnia/7824550138.html,missing,missing,7.6783263565068856,0.6931471805599453,,,,,,,,,,,
175,"time to elevate. our 2 br, 800 sq ft promises more.",1795,2.0,https://washingtondc.craigslist.org/nva/apa/d/woodbridge-time-to-elevate-our-br-800/7822943989.html,missing,missing,7.492760300922379,0.6931471805599453,,,,,,,,,,,
176,"look no further! we have it all - and more! 2 bed, 2 bath, 754 sqft",1470,2.0,https://washingtondc.craigslist.org/nva/apa/d/woodbridge-look-no-further-we-have-it/7820386031.html,missing,missing,7.293017679772782,0.6931471805599453,,,,,,,,,,,
177,"631 sq ft, 1 bed / 1 bath at mason hall near public transit",1920,1.0,https://washingtondc.craigslist.org/nva/apa/d/alexandria-631-sq-ft-bed-bath-at-mason/7823975356.html,missing,missing,7.560080465021827,0.0,,,,,,,,,,,
178,"1 bed / 1 bath, 631 sqft in a prime location at mason hall!",1840,1.0,https://washingtondc.craigslist.org/nva/apa/d/alexandria-bed-bath-631-sqft-in-prime/7818508805.html,missing,missing,7.517520850603031,0.0,,,,,,,,,,,
179,"2 bedroom, quartz countertops, package acceptance",2372,2.0,https://washingtondc.craigslist.org/nva/apa/d/alexandria-bedroom-quartz-countertops/7819165328.html,missing,missing,7.771488760117616,0.6931471805599453,,,,,,,,,,,
180,1 bedroom w/ full kitchen & bathroom.  utilities included for 650.00,650,1.0,https://washingtondc.craigslist.org/nva/apa/d/manassas-bedroom-full-kitchen-bathroom/7825244471.html,missing,missing,6.476972362889683,0.0,,,,,,,,,,,
181,"state-of-the-art fitness center, guest parking, 2 bd",1969,2.0,https://washingtondc.craigslist.org/nva/apa/d/alexandria-state-of-the-art-fitness/7820759969.html,missing,missing,7.585281078639126,0.6931471805599453,,,,,,,,,,,
182,$1200 single family house,1200,,https://washingtondc.craigslist.org/nva/apa/d/woodbridge-1200-single-family-house/7825241657.html,missing,missing,7.090076835776092,,,,,,,,,,,,
183,"on-site maintenance, wooded view, large closets",1990,,https://washingtondc.craigslist.org/nva/apa/d/woodbridge-on-site-maintenance-wooded/7818793372.html,missing,missing,7.595889917718538,,,,,,,,,,,,
184,"gas fireplace, pickleball court, dishwasher",1970,,https://washingtondc.craigslist.org/nva/apa/d/ashburn-gas-fireplace-pickleball-court/7820337724.html,missing,missing,7.585788821732034,,,,,,,,,,,,
185,looking for a lovely 2 bed / 2 bath? search no more! 754 sq feet,1470,2.0,https://washingtondc.craigslist.org/nva/apa/d/woodbridge-looking-for-lovely-bed-bath/7820642924.html,missing,missing,7.293017679772782,0.6931471805599453,,,,,,,,,,,
186,"gorgeous 1 bed, 1 bath with all the amenities you need. tour today!",1915,1.0,https://washingtondc.craigslist.org/nva/apa/d/alexandria-gorgeous-bed-bath-with-all/7823977648.html,missing,missing,7.557472901614746,0.0,,,,,,,,,,,
187,rent this beautiful studio 413 sq ft in alexandria today!,1915,,https://washingtondc.craigslist.org/nva/apa/d/alexandria-rent-this-beautiful-studio/7823975907.html,alexandria,missing,7.557472901614746,,,,,,,,,,,,
188,magnificent views await you at potomac vista apartments,1795,,https://washingtondc.craigslist.org/nva/apa/d/woodbridge-magnificent-views-await-you/7822387696.html,missing,missing,7.492760300922379,,,,,,,,,,,,
189,"den or study, conference room, refrigerator",2670,,https://washingtondc.craigslist.org/nva/apa/d/alexandria-den-or-study-conference-room/7822398332.html,missing,missing,7.8898337513942955,,,,,,,,,,,,
190,basement for rent (2br 1 bath),1950,2.0,https://washingtondc.craigslist.org/nva/apa/d/aldie-basement-for-rent-2br-bath/7823405030.html,missing,missing,7.575584651557793,0.6931471805599453,,,,,,,,,,,
191,"dens available, mini-blinds on all windows",1806,,https://washingtondc.craigslist.org/nva/apa/d/falls-church-dens-available-mini-blinds/7822447133.html,missing,missing,7.498869733976931,,,,,,,,,,,,
192,"2/bd, pickleball court, balcony or patio",2235,2.0,https://washingtondc.craigslist.org/nva/apa/d/ashburn-bd-pickleball-court-balcony-or/7820196699.html,missing,missing,7.711996507047669,0.6931471805599453,,,,,,,,,,,
193,"2bd 1.5ba, in-unit washer/dryer, online rent pay",2768,2.0,https://washingtondc.craigslist.org/nva/apa/d/alexandria-2bd-15ba-in-unit-washer/7824561933.html,missing,missing,7.92588031673756,0.6931471805599453,,,,,,,,,,,
194,"2 bd, vertical blinds, online rent payments",2380,2.0,https://washingtondc.craigslist.org/nva/apa/d/alexandria-bd-vertical-blinds-online/7822258125.html,missing,missing,7.77485576666552,0.6931471805599453,,,,,,,,,,,
195,"public parks nearby, two play areas, 2bd 2ba",1870,2.0,https://washingtondc.craigslist.org/nva/apa/d/alexandria-public-parks-nearby-two-play/7820720327.html,missing,missing,7.533693709848633,0.6931471805599453,,,,,,,,,,,
196,"private patios & balcony, dog park, 1 bed",1650,1.0,https://washingtondc.craigslist.org/nva/apa/d/alexandria-private-patios-balcony-dog/7825228737.html,missing,missing,7.408530566894626,0.0,,,,,,,,,,,
197,"1/bd, bark park, on-site management",1699,1.0,https://washingtondc.craigslist.org/nva/apa/d/woodbridge-bd-bark-park-on-site/7818467823.html,missing,missing,7.4377951216719325,0.0,,,,,,,,,,,
198,"3 bedroom, 3 bathroom convenient location 2 level town home",2450,3.0,https://washingtondc.craigslist.org/nva/apa/d/reston-bedroom-bathroom-convenient/7819502164.html,missing,missing,7.803843303538772,1.0986122886681098,,,,,,,,,,,
199,"vertical blinds, microwave, dishwasher",1885,,https://washingtondc.craigslist.org/nva/apa/d/ashburn-vertical-blinds-microwave/7819784945.html,missing,missing,7.541683099882111,,,,,,,,,,,,
200,"1 bedroom, beautiful landscaping, in alexandria",2217,1.0,https://washingtondc.craigslist.org/nva/apa/d/alexandria-bedroom-beautiful/7820073542.html,alexandria,missing,7.7039102096163115,0.0,,,,,,,,,,,
201,2br1ba in-law unit in a sfh in herndon (available march 01),1700,2.0,https://washingtondc.craigslist.org/nva/apa/d/herndon-2br1ba-in-law-unit-in-sfh-in/7817173513.html,herndon,missing,7.438383530044307,0.6931471805599453,,,,,,,,,,,
202,"2 bedroom, stainless steel appliances, ample parking",2144,2.0,https://washingtondc.craigslist.org/nva/apa/d/alexandria-bedroom-stainless-steel/7824574035.html,missing,missing,7.670428522190693,0.6931471805599453,,,,,,,,,,,
203,"high speed internet access, in alexandria, 1/bd 1/ba",1725,1.0,https://washingtondc.craigslist.org/nva/apa/d/alexandria-high-speed-internet-access/7825219578.html,missing,missing,7.45298232946546,0.0,,,,,,,,,,,
204,"arlington,va - studio apartment available march 1, 2025",1650,,https://washingtondc.craigslist.org/nva/apa/d/arlington-arlingtonva-studio-apartment/7825213266.html,missing,missing,7.408530566894626,,,,,,,,,,,,
205,"linen closets, situated in ashburn!, 1/bd 1/ba",1970,1.0,https://washingtondc.craigslist.org/nva/apa/d/ashburn-linen-closets-situated-in/7820933287.html,missing,missing,7.585788821732034,0.0,,,,,,,,,,,
206,"dream bigger, live better: move in today!",1875,,https://washingtondc.craigslist.org/nva/apa/d/woodbridge-dream-bigger-live-better/7820463656.html,missing,missing,7.536363938404511,,,,,,,,,,,,
207,"private patios & balcony, storage units available",1550,,https://washingtondc.craigslist.org/nva/apa/d/alexandria-private-patios-balcony/7822981724.html,missing,missing,7.346010209913293,,,,,,,,,,,,
208,"cable ready, microwave, 2/bd",2592,2.0,https://washingtondc.craigslist.org/nva/apa/d/alexandria-cable-ready-microwave-bd/7822888852.html,missing,missing,7.860185057472165,0.6931471805599453,,,,,,,,,,,
209,amazing lock and go lifestyle in the heart of tysons corner.,1570,,https://washingtondc.craigslist.org/nva/apa/d/mc-lean-amazing-lock-and-go-lifestyle/7825206398.html,tysons,missing,7.358830898342354,,,,,,,,,,,,
210,"1bd 1ba, walk-in closets, situated in alexandria!",1550,1.0,https://washingtondc.craigslist.org/nva/apa/d/alexandria-1bd-1ba-walk-in-closets/7825210285.html,missing,missing,7.346010209913293,0.0,,,,,,,,,,,
211,basement private apt walkout free utilities,1495,,https://washingtondc.craigslist.org/nva/apa/d/springfield-basement-private-apt/7817607281.html,missing,missing,7.3098814858247865,,,,,,,,,,,,
212,"woodbridge's top location! 3 bed, 2 bath - see it to believe it!",2186,3.0,https://washingtondc.craigslist.org/nva/apa/d/woodbridge-woodbridges-top-location-bed/7822387663.html,missing,missing,7.689828668736484,1.0986122886681098,,,,,,,,,,,
213,this one bedroom condo is full of updates and natural light.,1380,,https://washingtondc.craigslist.org/nva/apa/d/alexandria-this-one-bedroom-condo-is/7825205580.html,missing,missing,7.22983877815125,,,,,,,,,,,,
214,"bark park, washer/dryer, 1 bd",1699,1.0,https://washingtondc.craigslist.org/nva/apa/d/woodbridge-bark-park-washer-dryer-bd/7817894079.html,missing,missing,7.4377951216719325,0.0,,,,,,,,,,,
215,"dishwasher, all-electric kitchen, carpeted floors",1905,,https://washingtondc.craigslist.org/nva/apa/d/alexandria-dishwasher-all-electric/7820695055.html,missing,missing,7.552237287560802,,,,,,,,,,,,
216,"walk-in closets, all-electric kitchen, den or study",2185,,https://washingtondc.craigslist.org/nva/apa/d/ashburn-walk-in-closets-all-electric/7822395594.html,missing,missing,7.68937110752969,,,,,,,,,,,,
217,"ready now, no rent in february, call today!",2678,,https://washingtondc.craigslist.org/nva/apa/d/woodbridge-ready-now-no-rent-in/7822894644.html,missing,missing,7.8928255262511176,,,,,,,,,,,,
218,"dens available, a sparkling resort-style pool",2764,,https://washingtondc.craigslist.org/nva/apa/d/falls-church-dens-available-sparkling/7821604349.html,missing,missing,7.92443418488756,,,,,,,,,,,,
219,"fitness studio, clubroom, granite countertops",2790,,https://washingtondc.craigslist.org/nva/apa/d/fairfax-fitness-studio-clubroom-granite/7823897842.html,missing,missing,7.933796874815411,,,,,,,,,,,,
220,"lush landscaping, linen closet, vinyl flooring",1832,,https://washingtondc.craigslist.org/nva/apa/d/alexandria-lush-landscaping-linen/7824584557.html,missing,missing,7.513163545234075,,,,,,,,,,,,
221,"rooftop sundeck & lounge, open floor plans",1550,,https://washingtondc.craigslist.org/nva/apa/d/alexandria-rooftop-sundeck-lounge-open/7825196442.html,missing,missing,7.346010209913293,,,,,,,,,,,,
222,"1/bd 1/ba, views available, dishwasher",2191,1.0,https://washingtondc.craigslist.org/nva/apa/d/alexandria-bd-ba-views-available/7818496155.html,missing,missing,7.692113339595466,0.0,,,,,,,,,,,
223,this 1 bed/1 bath features great amenities in a fantastic community!,2050,1.0,https://washingtondc.craigslist.org/nva/apa/d/alexandria-this-bed-bath-features-great/7820631915.html,missing,missing,7.6255950721324535,0.0,,,,,,,,,,,
224,this 1 bed/1 bath features great amenities in a fantastic community!,1825,1.0,https://washingtondc.craigslist.org/nva/apa/d/alexandria-this-bed-bath-features-great/7822325209.html,missing,missing,7.509335266016592,0.0,,,,,,,,,,,
225,"2 bed, shimmering swimming pool, breakfast bar",2225,2.0,https://washingtondc.craigslist.org/nva/apa/d/ashburn-bed-shimmering-swimming-pool/7822375924.html,missing,missing,7.707512194600341,0.6931471805599453,,,,,,,,,,,
226,"mini blinds, public parks nearby, 2/bd 2/ba",2641,2.0,https://washingtondc.craigslist.org/nva/apa/d/alexandria-mini-blinds-public-parks/7818542365.html,missing,missing,7.878912912297133,0.6931471805599453,,,,,,,,,,,
227,"dog park, stainless steel appliances, walk-in closets",1550,,https://washingtondc.craigslist.org/nva/apa/d/alexandria-dog-park-stainless-steel/7825184749.html,missing,missing,7.346010209913293,,,,,,,,,,,,
228,"picnic area with bbq grills, clubroom, fireplace",2458,,https://washingtondc.craigslist.org/nva/apa/d/fairfax-picnic-area-with-bbq-grills/7823934808.html,missing,missing,7.80710329012598,,,,,,,,,,,,
229,"great move-in special! don't wait. this 2 bed, 1.5 bath will go fast!",1925,2.0,https://washingtondc.craigslist.org/nva/apa/d/woodbridge-great-move-in-special-dont/7824573185.html,missing,missing,7.562681246721884,0.6931471805599453,,,,,,,,,,,
230,"on-site maintenance, on-site management, dishwasher",1699,,https://washingtondc.craigslist.org/nva/apa/d/woodbridge-on-site-maintenance-on-site/7817974321.html,missing,missing,7.4377951216719325,,,,,,,,,,,,
231,"1 bed, washer and dryer in home, easy access to freeways",1835,1.0,https://washingtondc.craigslist.org/nva/apa/d/alexandria-bed-washer-and-dryer-in-home/7824585797.html,missing,missing,7.51479976048867,0.0,,,,,,,,,,,
232,"bright, beautiful 631 sq ft 1 bed, 1 bath in alexandria now showing!",1875,1.0,https://washingtondc.craigslist.org/nva/apa/d/alexandria-bright-beautiful-631-sq-ft/7821756121.html,alexandria,missing,7.536363938404511,0.0,,,,,,,,,,,
233,studio  in prime alexandria neighborhood,1875,,https://washingtondc.craigslist.org/nva/apa/d/alexandria-studio-in-prime-alexandria/7821755396.html,alexandria,missing,7.536363938404511,,,,,,,,,,,,
234,"3 bd, ashburn va, pantry",2460,3.0,https://washingtondc.craigslist.org/nva/apa/d/ashburn-bd-ashburn-va-pantry/7818774096.html,ashburn,missing,7.807916628926408,1.0986122886681098,,,,,,,,,,,
235,single family hous,3200,,https://washingtondc.craigslist.org/nva/apa/d/springfield-single-family-hous/7825174596.html,missing,missing,8.070906088787819,,,,,,,,,,,,
236,"gracious 700 square foot apartment in fairfax, virginia.",1850,,https://washingtondc.craigslist.org/nva/apa/d/fairfax-gracious-700-square-foot/7825171729.html,missing,missing,7.52294091807237,,,,,,,,,,,,
237,large private guest suite bedroom - shared housing,870,,https://washingtondc.craigslist.org/nva/apa/d/sterling-large-private-guest-suite/7823764379.html,missing,missing,6.76849321164863,,,,,,,,,,,,
238,"walk-in closets, storage units available, dog park",1410,,https://washingtondc.craigslist.org/nva/apa/d/alexandria-walk-in-closets-storage/7825166619.html,missing,missing,7.251344983372214,,,,,,,,,,,,
239,"conference room, package acceptance, pantry",2380,,https://washingtondc.craigslist.org/nva/apa/d/alexandria-conference-room-package/7824021814.html,missing,missing,7.77485576666552,,,,,,,,,,,,
240,pet friendly community (large dogs welcome),2827,,https://washingtondc.craigslist.org/nva/apa/d/reston-pet-friendly-community-large/7825165910.html,missing,missing,7.946971357693591,,,,,,,,,,,,
241,make yourself at home!! ask for salvador!,1549,,https://washingtondc.craigslist.org/nva/apa/d/alexandria-make-yourself-at-home-ask/7825162703.html,missing,missing,7.3453648404168685,,,,,,,,,,,,
242,"a place to live, love and laugh!! call salvador!",1549,,https://washingtondc.craigslist.org/nva/apa/d/alexandria-place-to-live-love-and-laugh/7825162619.html,missing,missing,7.3453648404168685,,,,,,,,,,,,
243,the perfect place to call home!! call salvador!,1549,,https://washingtondc.craigslist.org/nva/apa/d/alexandria-the-perfect-place-to-call/7825162604.html,missing,missing,7.3453648404168685,,,,,,,,,,,,
244,a place to create memories!! call salvador!,1549,,https://washingtondc.craigslist.org/nva/apa/d/alexandria-place-to-create-memories/7825162580.html,missing,missing,7.3453648404168685,,,,,,,,,,,,
245,a community like no other!! call salvador!,1549,,https://washingtondc.craigslist.org/nva/apa/d/alexandria-community-like-no-other-call/7825162566.html,missing,missing,7.3453648404168685,,,,,,,,,,,,
246,"balcony or patio, microwave, central air and heating",2045,,https://washingtondc.craigslist.org/nva/apa/d/ashburn-balcony-or-patio-microwave/7822273217.html,missing,missing,7.623153068476902,,,,,,,,,,,,
247,"ceramic tile flooring, lush landscaping, pet friendly",1772,,https://washingtondc.craigslist.org/nva/apa/d/alexandria-ceramic-tile-flooring-lush/7824005133.html,missing,missing,7.4798641311650265,,,,,,,,,,,,
248,"alexandria va, cable ready, 1 bed",2002,1.0,https://washingtondc.craigslist.org/nva/apa/d/alexandria-alexandria-va-cable-ready-bed/7820673823.html,alexandria,missing,7.601901959875166,0.0,,,,,,,,,,,
249,"newly renovated kitchens & baths, walk-in closets, 2bd 1.5ba",2125,2.0,https://washingtondc.craigslist.org/nva/apa/d/alexandria-newly-renovated-kitchens/7825151645.html,missing,missing,7.661527081358517,0.6931471805599453,,,,,,,,,,,
250,experience unmatched comfort!! call salvador!,1549,,https://washingtondc.craigslist.org/nva/apa/d/alexandria-experience-unmatched-comfort/7825150276.html,missing,missing,7.3453648404168685,,,,,,,,,,,,
251,the perfect place for your next chapter!! call salvador!,1549,,https://washingtondc.craigslist.org/nva/apa/d/alexandria-the-perfect-place-for-your/7825150254.html,missing,missing,7.3453648404168685,,,,,,,,,,,,
252,come home to happiness!! call salvador!,1549,,https://washingtondc.craigslist.org/nva/apa/d/alexandria-come-home-to-happiness-call/7825150226.html,missing,missing,7.3453648404168685,,,,,,,,,,,,
253,the best address in town!! call salvador!,1549,,https://washingtondc.craigslist.org/nva/apa/d/alexandria-the-best-address-in-town/7825150192.html,missing,missing,7.3453648404168685,,,,,,,,,,,,
254,the place to be!! ask for salvador!,1549,,https://washingtondc.craigslist.org/nva/apa/d/alexandria-the-place-to-be-ask-for/7825150179.html,missing,missing,7.3453648404168685,,,,,,,,,,,,
255,available now! 3 bedroom apartments at alister falls church,3065,3.0,https://washingtondc.craigslist.org/nva/apa/d/falls-church-available-now-bedroom/7825149809.html,missing,missing,8.027802848370312,1.0986122886681098,,,,,,,,,,,
256,modern 3 bedroom apartment in great neighborhood,2890,3.0,https://washingtondc.craigslist.org/nva/apa/d/falls-church-modern-bedroom-apartment/7825149080.html,missing,missing,7.969011781106478,1.0986122886681098,,,,,,,,,,,
257,"fitness studio, fireplace, 2/bd 2/ba",2851,2.0,https://washingtondc.craigslist.org/nva/apa/d/fairfax-fitness-studio-fireplace-bd-ba/7823979166.html,missing,missing,7.955425088912672,0.6931471805599453,,,,,,,,,,,
258,now leasing new apartment homes,2120,,https://washingtondc.craigslist.org/nva/apa/d/manassas-now-leasing-new-apartment-homes/7825148503.html,missing,missing,7.659171367666058,,,,,,,,,,,,
259,available now! 2 bedroom apartments at alister falls church,2790,2.0,https://washingtondc.craigslist.org/nva/apa/d/falls-church-available-now-bedroom/7825148262.html,missing,missing,7.933796874815411,0.6931471805599453,,,,,,,,,,,
260,modern 2 bedroom apartment in great neighborhood,2635,2.0,https://washingtondc.craigslist.org/nva/apa/d/falls-church-modern-bedroom-apartment/7825147546.html,missing,missing,7.876638460975463,0.6931471805599453,,,,,,,,,,,
261,available now! 2 bedroom apartments at alister falls church,2381,2.0,https://washingtondc.craigslist.org/nva/apa/d/falls-church-available-now-bedroom/7825146701.html,missing,missing,7.7752758464868625,0.6931471805599453,,,,,,,,,,,
262,condo at convenient location,1900,,https://washingtondc.craigslist.org/nva/apa/d/reston-condo-at-convenient-location/7821644127.html,missing,missing,7.549609165154532,,,,,,,,,,,,
263,modern 1 bedroom apartment in great neighborhood,2177,1.0,https://washingtondc.craigslist.org/nva/apa/d/falls-church-modern-bedroom-apartment/7825146120.html,missing,missing,7.685703061234547,0.0,,,,,,,,,,,
264,available now! 1 bedroom apartments at alister falls church,2005,1.0,https://washingtondc.craigslist.org/nva/apa/d/falls-church-available-now-bedroom/7825145537.html,missing,missing,7.60339933974067,0.0,,,,,,,,,,,
265,"off street parking, online payments, 1/bd 1/ba",1699,1.0,https://washingtondc.craigslist.org/nva/apa/d/woodbridge-off-street-parking-online/7821790027.html,missing,missing,7.4377951216719325,0.0,,,,,,,,,,,
266,"large basement w/2 rooms, utilities included - $1,600 / 2br - 1250 sq",1600,2.0,https://washingtondc.craigslist.org/nva/apa/d/dumfries-large-basement-2-rooms/7822587394.html,missing,missing,7.3777589082278725,0.6931471805599453,,,,,,,,,,,
267,home is where the heart is – make yours shine brightly here!,2186,,https://washingtondc.craigslist.org/nva/apa/d/woodbridge-home-is-where-the-heart-is/7824573240.html,missing,missing,7.689828668736484,,,,,,,,,,,,
268,🐇🌷͙📷get ready to move one bedroom 🐇🌷͙📷,1619,,https://washingtondc.craigslist.org/nva/apa/d/falls-church-get-ready-to-move-one/7822323048.html,missing,missing,7.389563953677635,,,,,,,,,,,,
269,🌷🌹hunting for a two bedroom? come check us out!🌷🌹,1986,,https://washingtondc.craigslist.org/nva/apa/d/falls-church-hunting-for-two-bedroom/7822324240.html,missing,missing,7.593877844605118,,,,,,,,,,,,
270,🌞🌞hunting for a one bedroom? come check us out!🌞🌞,1619,,https://washingtondc.craigslist.org/nva/apa/d/falls-church-hunting-for-one-bedroom/7822325388.html,missing,missing,7.389563953677635,,,,,,,,,,,,
271,🌷🌹freshen up in your one bedroom 🌷🌹,1619,,https://washingtondc.craigslist.org/nva/apa/d/falls-church-freshen-up-in-your-one/7822387162.html,missing,missing,7.389563953677635,,,,,,,,,,,,
272,🎧🪼a amazing one bedroom 🎧🪼,1619,,https://washingtondc.craigslist.org/nva/apa/d/falls-church-amazing-one-bedroom/7823110775.html,missing,missing,7.389563953677635,,,,,,,,,,,,
273,get ready to move one bedroom,1619,,https://washingtondc.craigslist.org/nva/apa/d/falls-church-get-ready-to-move-one/7823112822.html,missing,missing,7.389563953677635,,,,,,,,,,,,
274,🌷🌹hunting for a two bedroom? come check us out!🌷🌹,2139,,https://washingtondc.craigslist.org/nva/apa/d/falls-church-hunting-for-two-bedroom/7823143836.html,missing,missing,7.668093709082406,,,,,,,,,,,,
275,🐇🌷͙📷hunting for a one bedroom? come check us out!🐇🌷͙📷,1743,,https://washingtondc.craigslist.org/nva/apa/d/falls-church-hunting-for-one-bedroom/7823145200.html,missing,missing,7.463363045520021,,,,,,,,,,,,
276,🦋 a amazing one bedroom 🦋,1743,,https://washingtondc.craigslist.org/nva/apa/d/falls-church-amazing-one-bedroom/7823146077.html,missing,missing,7.463363045520021,,,,,,,,,,,,
277,🌼🧺🌿get ready to move two bedroom  🌼🧺🌿,2139,,https://washingtondc.craigslist.org/nva/apa/d/falls-church-get-ready-to-move-two/7823147014.html,missing,missing,7.668093709082406,,,,,,,,,,,,
278,🎧🪼a amazing one bedroom 🎧🪼,1743,,https://washingtondc.craigslist.org/nva/apa/d/falls-church-amazing-one-bedroom/7823150652.html,missing,missing,7.463363045520021,,,,,,,,,,,,
279,a amazing one bedroom,1743,,https://washingtondc.craigslist.org/nva/apa/d/falls-church-amazing-one-bedroom/7823152386.html,missing,missing,7.463363045520021,,,,,,,,,,,,
280,🌞🌞hunting for a two bedroom? come check us out!🌞🌞,2139,,https://washingtondc.craigslist.org/nva/apa/d/falls-church-hunting-for-two-bedroom/7823154561.html,missing,missing,7.668093709082406,,,,,,,,,,,,
281,🎀 🌞🌞freshen up in your one bedroom 🎀 🌞🌞,1743,,https://washingtondc.craigslist.org/nva/apa/d/falls-church-freshen-up-in-your-one/7823157361.html,missing,missing,7.463363045520021,,,,,,,,,,,,
282,get ready to move one bedroom ask for dafner,1743,,https://washingtondc.craigslist.org/nva/apa/d/falls-church-get-ready-to-move-one/7823161165.html,missing,missing,7.463363045520021,,,,,,,,,,,,
283,hunting for a two bedroom? come check us out!,2139,,https://washingtondc.craigslist.org/nva/apa/d/falls-church-hunting-for-two-bedroom/7823162611.html,missing,missing,7.668093709082406,,,,,,,,,,,,
284,get ready to move one bedroom ask for dafner,1743,,https://washingtondc.craigslist.org/nva/apa/d/falls-church-get-ready-to-move-one/7823166196.html,missing,missing,7.463363045520021,,,,,,,,,,,,
285,🪷🌟   get ready to move two bedroom🪷🌟,2139,,https://washingtondc.craigslist.org/nva/apa/d/falls-church-get-ready-to-move-two/7823167737.html,missing,missing,7.668093709082406,,,,,,,,,,,,
286,🌼🧺🌿hunting for a two bedroom? come check us out!🌼🧺🌿,2139,,https://washingtondc.craigslist.org/nva/apa/d/falls-church-hunting-for-two-bedroom/7823170915.html,missing,missing,7.668093709082406,,,,,,,,,,,,
287,a amazing one bedroom,1743,,https://washingtondc.craigslist.org/nva/apa/d/falls-church-amazing-one-bedroom/7823172405.html,missing,missing,7.463363045520021,,,,,,,,,,,,
288,freshen up in your one bedroom ask for dafner,1743,,https://washingtondc.craigslist.org/nva/apa/d/falls-church-freshen-up-in-your-one/7823172997.html,missing,missing,7.463363045520021,,,,,,,,,,,,
289,a amazing two bedroom,2139,,https://washingtondc.craigslist.org/nva/apa/d/falls-church-amazing-two-bedroom/7823186915.html,missing,missing,7.668093709082406,,,,,,,,,,,,
290,freshen up in your two  bedroom ask for dafner,2139,,https://washingtondc.craigslist.org/nva/apa/d/falls-church-freshen-up-in-your-two/7823189686.html,missing,missing,7.668093709082406,,,,,,,,,,,,
291,🦋 hunting for a one bedroom? come check us out!🦋,1743,,https://washingtondc.craigslist.org/nva/apa/d/falls-church-hunting-for-one-bedroom/7823190872.html,missing,missing,7.463363045520021,,,,,,,,,,,,
292,a amazing one bedroom,1743,,https://washingtondc.craigslist.org/nva/apa/d/falls-church-amazing-one-bedroom/7823193709.html,missing,missing,7.463363045520021,,,,,,,,,,,,
293,wonderful location for commuters! we're near public transit 🚊🚌,1679,,https://washingtondc.craigslist.org/nva/apa/d/alexandria-wonderful-location-for/7822117829.html,missing,missing,7.425953657077541,,,,,,,,,,,,
294,hunting for a two bedroom? come check us out!,2139,,https://washingtondc.craigslist.org/nva/apa/d/falls-church-hunting-for-two-bedroom/7823195820.html,missing,missing,7.668093709082406,,,,,,,,,,,,
295,get ready to move one bedroom ask for dafner,1743,,https://washingtondc.craigslist.org/nva/apa/d/falls-church-get-ready-to-move-one/7823196478.html,missing,missing,7.463363045520021,,,,,,,,,,,,
296,🌼 🌻 🌺 🌸 get ready to move two bedroom🌼 🌻 🌺 🌸,2139,,https://washingtondc.craigslist.org/nva/apa/d/falls-church-get-ready-to-move-two/7823197375.html,missing,missing,7.668093709082406,,,,,,,,,,,,
297,a amazing one bedroom,1743,,https://washingtondc.craigslist.org/nva/apa/d/falls-church-amazing-one-bedroom/7823199018.html,missing,missing,7.463363045520021,,,,,,,,,,,,
298,🌷🌹freshen up in your one bedroom🌷🌹,1743,,https://washingtondc.craigslist.org/nva/apa/d/falls-church-freshen-up-in-your-one/7824163330.html,missing,missing,7.463363045520021,,,,,,,,,,,,
299,🌼🧺🌿hunting for a two bedroom? come check us out!🌼🧺🌿,2139,,https://washingtondc.craigslist.org/nva/apa/d/falls-church-hunting-for-two-bedroom/7824163940.html,missing,missing,7.668093709082406,,,,,,,,,,,,
300,🎧🪼get ready to move one bedroom 🎧🪼,1743,,https://washingtondc.craigslist.org/nva/apa/d/falls-church-get-ready-to-move-one/7824164620.html,missing,missing,7.463363045520021,,,,,,,,,,,,
301,🐇🌷͙📷freshen up in your one bedroom🐇🌷͙📷,1743,,https://washingtondc.craigslist.org/nva/apa/d/falls-church-freshen-up-in-your-one/7824166007.html,missing,missing,7.463363045520021,,,,,,,,,,,,
302,🌷🌹get ready to move two bedroom🌷🌹,2139,,https://washingtondc.craigslist.org/nva/apa/d/falls-church-get-ready-to-move-two/7824167130.html,missing,missing,7.668093709082406,,,,,,,,,,,,
303,🌼🧺🌿a amazing one bedroom 🌼🧺🌿,1743,,https://washingtondc.craigslist.org/nva/apa/d/falls-church-amazing-one-bedroom/7824167929.html,missing,missing,7.463363045520021,,,,,,,,,,,,
304,🎀 🌞🌞get ready to move two bedroom🎀 🌞🌞,2139,,https://washingtondc.craigslist.org/nva/apa/d/falls-church-get-ready-to-move-two/7824168673.html,missing,missing,7.668093709082406,,,,,,,,,,,,
305,🪷🌟    🦋 hunting for a one bedroom? come check us out!🪷🌟    🦋,1743,,https://washingtondc.craigslist.org/nva/apa/d/falls-church-hunting-for-one-bedroom/7824170497.html,missing,missing,7.463363045520021,,,,,,,,,,,,
306,beautiful 1 bed / 1 bath with gorgeous grounds and landscaping,1840,1.0,https://washingtondc.craigslist.org/nva/apa/d/alexandria-beautiful-bed-bath-with/7817922596.html,missing,missing,7.517520850603031,0.0,,,,,,,,,,,
307,🎀 🌞🌞hunting for a two bedroom? come check us out!🎀 🌞🌞,2139,,https://washingtondc.craigslist.org/nva/apa/d/falls-church-hunting-for-two-bedroom/7824171780.html,missing,missing,7.668093709082406,,,,,,,,,,,,
308,652sqft 1 bd/1 ba available at mason hall near public transit,1840,1.0,https://washingtondc.craigslist.org/nva/apa/d/alexandria-652sqft-bd-ba-available-at/7818278889.html,missing,missing,7.517520850603031,0.0,,,,,,,,,,,
309,🌺 🌸 a amazing one bedroom 🌺 🌸,1743,,https://washingtondc.craigslist.org/nva/apa/d/falls-church-amazing-one-bedroom/7824172673.html,missing,missing,7.463363045520021,,,,,,,,,,,,
310,🌟    🦋 hunting for a one bedroom? come check us out!🌟   🦋,1743,,https://washingtondc.craigslist.org/nva/apa/d/falls-church-hunting-for-one-bedroom/7824174091.html,missing,missing,7.463363045520021,,,,,,,,,,,,
311,🎧🪼hunting for a one bedroom? come check us out! 🎧🪼,1743,,https://washingtondc.craigslist.org/nva/apa/d/falls-church-hunting-for-one-bedroom/7824177252.html,missing,missing,7.463363045520021,,,,,,,,,,,,
312,🌼🧺🌿freshen up in your one bedroom🌼🧺🌿,1743,,https://washingtondc.craigslist.org/nva/apa/d/falls-church-freshen-up-in-your-one/7824178048.html,missing,missing,7.463363045520021,,,,,,,,,,,,
313,🦋  🌷🌹hunting for a one bedroom? come check us out!🦋  🌷🌹,1743,,https://washingtondc.craigslist.org/nva/apa/d/falls-church-hunting-for-one-bedroom/7824180074.html,missing,missing,7.463363045520021,,,,,,,,,,,,
314,put this 2 bedroom on your to-see list! you'll be glad you did!,1675,2.0,https://washingtondc.craigslist.org/nva/apa/d/woodbridge-put-this-bedroom-on-your-to/7825139586.html,missing,missing,7.423568444259167,0.6931471805599453,,,,,,,,,,,
315,🪷🌟    🦋 get ready to move one bedroom 🪷🌟    🦋,1743,,https://washingtondc.craigslist.org/nva/apa/d/falls-church-get-ready-to-move-one/7825140798.html,missing,missing,7.463363045520021,,,,,,,,,,,,
316,"gracious 700 square foot apartment in fairfax, virginia.",1850,,https://washingtondc.craigslist.org/nva/apa/d/fairfax-gracious-700-square-foot/7825140730.html,missing,missing,7.52294091807237,,,,,,,,,,,,
317,great community for great people  visit today! ask for tannia 👩‍🏫,1759,,https://washingtondc.craigslist.org/nva/apa/d/alexandria-great-community-for-great/7822117550.html,missing,missing,7.472500744737558,,,,,,,,,,,,
318,great community for great people! visit today ask for tannia 👩‍🏫,1759,,https://washingtondc.craigslist.org/nva/apa/d/alexandria-great-community-for-great/7822117143.html,missing,missing,7.472500744737558,,,,,,,,,,,,
319,"linen closet, microwave, vinyl plank flooring",1947,,https://washingtondc.craigslist.org/nva/apa/d/alexandria-linen-closet-microwave-vinyl/7824563477.html,missing,missing,7.5740450053721995,,,,,,,,,,,,
320,"on-site maintenance, in ashburn, 1/bd",1805,1.0,https://washingtondc.craigslist.org/nva/apa/d/ashburn-on-site-maintenance-in-ashburn/7819878715.html,missing,missing,7.498315870766981,0.0,,,,,,,,,,,
321,🌞🌞hunting for a two bedroom? come check us out!🌞🌞,2139,,https://washingtondc.craigslist.org/nva/apa/d/falls-church-hunting-for-two-bedroom/7825139790.html,missing,missing,7.668093709082406,,,,,,,,,,,,
322,check out this deal! amazing 1 bed 1 bath in woodbridge,1634,1.0,https://washingtondc.craigslist.org/nva/apa/d/woodbridge-check-out-this-deal-amazing/7825139741.html,woodbridge,missing,7.3987862754199485,0.0,,,,,,,,,,,
323,you've never seen anything like these deals! call now!,1999,,https://washingtondc.craigslist.org/nva/apa/d/woodbridge-youve-never-seen-anything/7825139709.html,missing,missing,7.6004023345004,,,,,,,,,,,,
324,great community for great people! visit today ask for tannia 👩‍🏫,1759,,https://washingtondc.craigslist.org/nva/apa/d/alexandria-great-community-for-great/7817274095.html,missing,missing,7.472500744737558,,,,,,,,,,,,
325,"fabulous 885 sq ft 2 bed / 1.5 bath, great spot near public transport",1925,2.0,https://washingtondc.craigslist.org/nva/apa/d/woodbridge-fabulous-885-sq-ft-bed-15/7825139630.html,missing,missing,7.562681246721884,0.6931471805599453,,,,,,,,,,,
326,great community for great people visit today! ask for tannia 👩‍🏫,1989,,https://washingtondc.craigslist.org/nva/apa/d/alexandria-great-community-for-great/7817274726.html,missing,missing,7.5953872788539725,,,,,,,,,,,,
327,great community for great people! visit today ask for tannia 👩‍🏫,1989,,https://washingtondc.craigslist.org/nva/apa/d/alexandria-great-community-for-great/7817271405.html,missing,missing,7.5953872788539725,,,,,,,,,,,,
328,great community for great people! visit today! ask for tannia 👩‍🏫,1759,,https://washingtondc.craigslist.org/nva/apa/d/alexandria-great-community-for-great/7817271242.html,missing,missing,7.472500744737558,,,,,,,,,,,,
329,fantastic location! a spacious 685 sq ft 1 bed is waiting for you!,2355,1.0,https://washingtondc.craigslist.org/nva/apa/d/arlington-fantastic-location-spacious/7825132771.html,missing,missing,7.764296006450518,0.0,,,,,,,,,,,
330,"java bar, private patio or balcony, 2 bedroom",2790,2.0,https://washingtondc.craigslist.org/nva/apa/d/fairfax-java-bar-private-patio-or/7824546138.html,missing,missing,7.933796874815411,0.6931471805599453,,,,,,,,,,,
331,💲💲💲 special! $500 off 1st month rent for move in before 2/15,1799,,https://washingtondc.craigslist.org/nva/apa/d/alexandria-special-500-off-1st-month/7825133371.html,missing,missing,7.4949862339505335,,,,,,,,,,,,
332,🔥 promotion! $1609 + half off 1st month rent for move in before 2/15,1609,,https://washingtondc.craigslist.org/nva/apa/d/alexandria-promotion-half-off-1st-month/7825132480.html,missing,missing,7.3833681469923835,,,,,,,,,,,,
333,🌼🧺🌿hunting for a one bedroom? come check us out!🌼🧺🌿,1743,,https://washingtondc.craigslist.org/nva/apa/d/falls-church-hunting-for-one-bedroom/7825132299.html,missing,missing,7.463363045520021,,,,,,,,,,,,
334,the living is easy at our community! comfortable 2 bed/2 bath!,1470,2.0,https://washingtondc.craigslist.org/nva/apa/d/woodbridge-the-living-is-easy-at-our/7822799480.html,missing,missing,7.293017679772782,0.6931471805599453,,,,,,,,,,,
335,"1/bd, fully equipped kitchens, open floor plans",1500,1.0,https://washingtondc.craigslist.org/nva/apa/d/alexandria-bd-fully-equipped-kitchens/7825130721.html,missing,missing,7.313220387090301,0.0,,,,,,,,,,,
336,"microwave, mini blinds, breakfast bar",2132,,https://washingtondc.craigslist.org/nva/apa/d/alexandria-microwave-mini-blinds/7823982580.html,missing,missing,7.664815785285735,,,,,,,,,,,,
337,live in style with upgraded interiors - #liveabberlyavera,2955,,https://washingtondc.craigslist.org/nva/apa/d/manassas-live-in-style-with-upgraded/7825125701.html,missing,missing,7.991253929840199,,,,,,,,,,,,
338,"balcony or patio, den or study, vertical blinds",2080,,https://washingtondc.craigslist.org/nva/apa/d/ashburn-balcony-or-patio-den-or-study/7820615139.html,missing,missing,7.640123172695364,,,,,,,,,,,,
339,ideal studio with wonderful amenities in alexandria,1805,,https://washingtondc.craigslist.org/nva/apa/d/alexandria-ideal-studio-with-wonderful/7820631106.html,alexandria,missing,7.498315870766981,,,,,,,,,,,,
340,631 sqft 1 bd/1 ba available at mason hall near public transit,1865,1.0,https://washingtondc.craigslist.org/nva/apa/d/alexandria-631-sqft-bd-ba-available-at/7822821582.html,missing,missing,7.5310163320779155,0.0,,,,,,,,,,,
341,tailored for pet lovers! 1 bed/1 bath in our pet-friendly community.,1634,1.0,https://washingtondc.craigslist.org/nva/apa/d/woodbridge-tailored-for-pet-lovers-bed/7820463621.html,missing,missing,7.3987862754199485,0.0,,,,,,,,,,,
342,"playground, clubhouse, business center",2670,,https://washingtondc.craigslist.org/nva/apa/d/alexandria-playground-clubhouse/7824543733.html,missing,missing,7.8898337513942955,,,,,,,,,,,,
343,"located in alexandria, rooftop sundeck & lounge, studio/1b",1410,1.0,https://washingtondc.craigslist.org/nva/apa/d/alexandria-located-in-alexandria/7822819530.html,missing,missing,7.251344983372214,0.0,,,,,,,,,,,
344,"2 bed, ample parking, granite countertops",2078,2.0,https://washingtondc.craigslist.org/nva/apa/d/alexandria-bed-ample-parking-granite/7824497815.html,missing,missing,7.639161171659173,0.6931471805599453,,,,,,,,,,,
345,"quiet, comfortable, senior 2 bed, 2 bath. age restrictions apply.",1470,2.0,https://washingtondc.craigslist.org/nva/apa/d/woodbridge-quiet-comfortable-senior-bed/7821996276.html,missing,missing,7.293017679772782,0.6931471805599453,,,,,,,,,,,
346,"sleek quartz countertops, pantry, controlled building access",1425,,https://washingtondc.craigslist.org/nva/apa/d/alexandria-sleek-quartz-countertops/7820667737.html,missing,missing,7.261927092702751,,,,,,,,,,,,
347,🎧🪼hunting for a two bedroom? come check us out! 🎧🪼,2139,,https://washingtondc.craigslist.org/nva/apa/d/falls-church-hunting-for-two-bedroom/7825111379.html,missing,missing,7.668093709082406,,,,,,,,,,,,
348,"1/bd, fairfax va, 24 hour wi-fi lounge",2463,1.0,https://washingtondc.craigslist.org/nva/apa/d/fairfax-bd-fairfax-va-24-hour-wi-fi/7824533995.html,fairfax,missing,7.809135398120538,0.0,,,,,,,,,,,
349,🦋  freshen up in your one bedroom 🦋,1743,,https://washingtondc.craigslist.org/nva/apa/d/falls-church-freshen-up-in-your-one/7825110558.html,missing,missing,7.463363045520021,,,,,,,,,,,,
350,love where you live at fillmore garden apartments! ask for hailey!!,1589,,https://washingtondc.craigslist.org/nva/apa/d/arlington-love-where-you-live-at/7825106375.html,missing,missing,7.370860166536716,,,,,,,,,,,,
351,"looking for convenience? well, look no further!",2507,,https://washingtondc.craigslist.org/nva/apa/d/manassas-looking-for-convenience-well/7825105915.html,missing,missing,7.826842098158293,,,,,,,,,,,,
352,"situated in woodbridge!, bark park, 1/bd 1/ba",1699,1.0,https://washingtondc.craigslist.org/nva/apa/d/woodbridge-situated-in-woodbridge-bark/7823600552.html,missing,missing,7.4377951216719325,0.0,,,,,,,,,,,
353,"885 sqft 2 bd, 1.5 ba ready to lease! come on over and check us out!",1925,2.0,https://washingtondc.craigslist.org/nva/apa/d/woodbridge-885-sqft-bd-15-ba-ready-to/7823883878.html,missing,missing,7.562681246721884,0.6931471805599453,,,,,,,,,,,
354,"vaulted ceilings, on-call maintenance, breakfast bar",2190,,https://washingtondc.craigslist.org/nva/apa/d/ashburn-vaulted-ceilings-on-call/7824495189.html,missing,missing,7.691656822810547,,,,,,,,,,,,
355,"vinyl plank flooring, microwave, coat closet",1930,,https://washingtondc.craigslist.org/nva/apa/d/alexandria-vinyl-plank-flooring/7822828073.html,missing,missing,7.5652752818989315,,,,,,,,,,,,
356,ideal location! close to everything! 1 bed / 1 bath! 631 sqft!,1840,1.0,https://washingtondc.craigslist.org/nva/apa/d/alexandria-ideal-location-close-to/7817137931.html,missing,missing,7.517520850603031,0.0,,,,,,,,,,,
357,631 sqft 1 bd/1 ba available at mason hall near public transit,1855,1.0,https://washingtondc.craigslist.org/nva/apa/d/alexandria-631-sqft-bd-ba-available-at/7822822499.html,missing,missing,7.5256399750415355,0.0,,,,,,,,,,,
